{"game":"cash5","type":"pick3","white_cols":["n1","n2","n3"],"white_count":3,"white_max":32,"white_scores":{"1":0.6499498495,"2":0.6088264794,"3":0.6489468405,"4":0.6339017051,"5":0.6489468405,"6":0.6339017051,"7":0.6800401204,"8":0.6800401204,"9":0.6359077232,"10":0.8324974925,"11":0.998996991,"12":1.0,"13":0.5476429288,"14":0.5476429288,"15":0.5476429288,"16":0.5486459378,"17":0.5476429288,"18":0.5476429288,"19":0.5476429288,"20":0.5486459378,"21":0.5476429288,"22":0.5476429288,"23":0.5476429288,"24":0.5486459378,"25":0.4132397192,"26":0.1825476429,"27":0.1825476429,"28":0.1825476429,"29":0.1715145436,"30":0.1675025075,"31":0.1073219659,"32":0.0},"special_col":null,"special_max":null,"special_scores":null}