{"game":"colorado","type":"pick3","white_cols":["n1","n2","n3"],"white_count":3,"white_max":40,"white_scores":{"1":0.6566666667,"2":0.6266666667,"3":0.6466666667,"4":0.6533333333,"5":0.6466666667,"6":0.6433333333,"7":0.6866666667,"8":0.6833333333,"9":0.6433333333,"10":0.8166666667,"11":1.0,"12":0.9766666667,"13":0.5266666667,"14":0.5333333333,"15":0.53,"16":0.5433333333,"17":0.52,"18":0.54,"19":0.5233333333,"20":0.5333333333,"21":0.5266666667,"22":0.5333333333,"23":0.5833333333,"24":0.6933333333,"25":0.5266666667,"26":0.18,"27":0.1833333333,"28":0.1833333333,"29":0.17,"30":0.18,"31":0.1,"32":0.0,"33":0.0,"34":0.0,"35":0.0,"36":0.0,"37":0.0,"38":0.0,"39":0.0,"40":0.0},"special_col":null,"special_max":null,"special_scores":null}