{"game":"megamillions","type":"ball","white_cols":["white1","white2","white3","white4","white5"],"white_count":5,"white_max":70,"white_scores":{"1":0.6547619048,"2":0.8630952381,"3":0.8273809524,"4":0.7678571429,"5":0.7142857143,"6":0.744047619,"7":0.7619047619,"8":0.7857142857,"9":0.7321428571,"10":0.9821428571,"11":0.8095238095,"12":0.7619047619,"13":0.7321428571,"14":0.9345238095,"15":0.744047619,"16":0.7916666667,"17":0.9345238095,"18":0.8273809524,"19":0.7142857143,"20":0.9404761905,"21":0.7142857143,"22":0.7976190476,"23":0.6130952381,"24":0.8630952381,"25":0.8035714286,"26":0.7380952381,"27":0.755952381,"28":0.8095238095,"29":0.869047619,"30":0.75,"31":1.0,"32":0.7738095238,"33":0.7083333333,"34":0.6488095238,"35":0.744047619,"36":0.7202380952,"37":0.6726190476,"38":0.8392857143,"39":0.8571428571,"40":0.75,"41":0.7023809524,"42":0.7916666667,"43":0.6845238095,"44":0.7857142857,"45":0.7202380952,"46":0.8988095238,"47":0.6011904762,"48":0.8392857143,"49":0.7083333333,"50":0.75,"51":0.8452380952,"52":0.7857142857,"53":0.6488095238,"54":0.5119047619,"55":0.4166666667,"56":0.5595238095,"57":0.1071428571,"58":0.1845238095,"59":0.1011904762,"60":0.0476190476,"61":0.0833333333,"62":0.130952381,"63":0.0595238095,"64":0.130952381,"65":0.0238095238,"66":0.1785714286,"67":0.0,"68":0.0952380952,"69":0.1011904762,"70":0.0833333333},"special_col":"special","special_max":25,"special_scores":{"1":0.9019607843,"2":0.6862745098,"3":0.9607843137,"4":0.8823529412,"5":0.431372549,"6":0.8039215686,"7":0.9607843137,"8":0.568627451,"9":1.0,"10":0.9215686275,"11":0.9019607843,"12":0.6862745098,"13":0.9215686275,"14":0.6274509804,"15":0.8431372549,"16":0.1176470588,"17":0.2156862745,"18":0.3333333333,"19":0.3333333333,"20":0.2745098039,"21":0.3529411765,"22":0.5294117647,"23":0.0,"24":0.4705882353,"25":0.2941176471}}