{
  "game":"powerball",
  "type":"ball",
  "white_cols":[
    "white1",
    "white2",
    "white3",
    "white4",
    "white5"
  ],
  "white_count":5,
  "white_max":69,
  "white_scores":{
    "1":0.6931818182,
    "2":0.6590909091,
    "3":0.7045454545,
    "4":0.6363636364,
    "5":0.5909090909,
    "6":0.6590909091,
    "7":0.6931818182,
    "8":0.6704545455,
    "9":0.6704545455,
    "10":0.6931818182,
    "11":0.8068181818,
    "12":0.8636363636,
    "13":0.5227272727,
    "14":0.6818181818,
    "15":0.5568181818,
    "16":0.7159090909,
    "17":0.6931818182,
    "18":0.6363636364,
    "19":0.7386363636,
    "20":0.7386363636,
    "21":0.8863636364,
    "22":0.7045454545,
    "23":1.0,
    "24":0.6704545455,
    "25":0.5454545455,
    "26":0.4204545455,
    "27":0.7954545455,
    "28":0.875,
    "29":0.5454545455,
    "30":0.6704545455,
    "31":0.6704545455,
    "32":0.8636363636,
    "33":0.8409090909,
    "34":0.5340909091,
    "35":0.5454545455,
    "36":0.9318181818,
    "37":0.7386363636,
    "38":0.6590909091,
    "39":0.9318181818,
    "40":0.7613636364,
    "41":0.7045454545,
    "42":0.5340909091,
    "43":0.6022727273,
    "44":0.7840909091,
    "45":0.8295454545,
    "46":0.4886363636,
    "47":0.7727272727,
    "48":0.5909090909,
    "49":0.5454545455,
    "50":0.6363636364,
    "51":0.5681818182,
    "52":0.8181818182,
    "53":0.7159090909,
    "54":0.7727272727,
    "55":0.6363636364,
    "56":0.6022727273,
    "57":0.6136363636,
    "58":0.6022727273,
    "59":0.8068181818,
    "60":0.0340909091,
    "61":0.3977272727,
    "62":0.2727272727,
    "63":0.2954545455,
    "64":0.2954545455,
    "65":0.0,
    "66":0.1136363636,
    "67":0.1704545455,
    "68":0.125,
    "69":0.3295454545
  },
  "special_col":"powerball",
  "special_max":26,
  "special_scores":null,
  "scores":{
    "1":0.6931818182,
    "2":0.6590909091,
    "3":0.7045454545,
    "4":0.6363636364,
    "5":0.5909090909,
    "6":0.6590909091,
    "7":0.6931818182,
    "8":0.6704545455,
    "9":0.6704545455,
    "10":0.6931818182,
    "11":0.8068181818,
    "12":0.8636363636,
    "13":0.5227272727,
    "14":0.6818181818,
    "15":0.5568181818,
    "16":0.7159090909,
    "17":0.6931818182,
    "18":0.6363636364,
    "19":0.7386363636,
    "20":0.7386363636,
    "21":0.8863636364,
    "22":0.7045454545,
    "23":1.0,
    "24":0.6704545455,
    "25":0.5454545455,
    "26":0.4204545455,
    "27":0.7954545455,
    "28":0.875,
    "29":0.5454545455,
    "30":0.6704545455,
    "31":0.6704545455,
    "32":0.8636363636,
    "33":0.8409090909,
    "34":0.5340909091,
    "35":0.5454545455,
    "36":0.9318181818,
    "37":0.7386363636,
    "38":0.6590909091,
    "39":0.9318181818,
    "40":0.7613636364,
    "41":0.7045454545,
    "42":0.5340909091,
    "43":0.6022727273,
    "44":0.7840909091,
    "45":0.8295454545,
    "46":0.4886363636,
    "47":0.7727272727,
    "48":0.5909090909,
    "49":0.5454545455,
    "50":0.6363636364,
    "51":0.5681818182,
    "52":0.8181818182,
    "53":0.7159090909,
    "54":0.7727272727,
    "55":0.6363636364,
    "56":0.6022727273,
    "57":0.6136363636,
    "58":0.6022727273,
    "59":0.8068181818,
    "60":0.0340909091,
    "61":0.3977272727,
    "62":0.2727272727,
    "63":0.2954545455,
    "64":0.2954545455,
    "65":0.0,
    "66":0.1136363636,
    "67":0.1704545455,
    "68":0.125,
    "69":0.3295454545
  }
}