{"game":"pick3","type":"pick3","scores":{"d1":{"0":0.0,"1":0.0441485634,"2":0.0441485634,"3":0.0441485634,"4":0.0441485634,"5":0.0441485634,"6":0.0441485634,"7":0.0441485634,"8":0.0441485634,"9":1.0},"d2":{"0":0.0,"1":0.0,"2":0.0,"3":0.0,"4":0.0,"5":0.0,"6":0.0,"7":0.0,"8":0.0,"9":1.0},"d3":{"0":0.0,"1":0.0,"2":0.0,"3":1.0,"4":0.0,"5":0.0,"6":0.0,"7":0.0,"8":0.0,"9":0.0}}}