{
  "vix_proxy": {
    "ts": 1758263852.3126695,
    "value": 15.7
  },
  "kp_index_recent": {
    "ts": 1758263852.5309043,
    "value": 0.0
  },
  "solar_flare_72h": {
    "ts": 1758263853.4522586,
    "value": {
      "M": 0,
      "X": 0
    }
  }
}