{
  "tech": -3.0769077898384114e-15,
  "pattern": 7.608507814115497e-15,
  "volatility": 0.0
}